{
  "train_loss": [
    10.98806139945984,
    6.377986307144165,
    5.522030830383301,
    4.71814043045044,
    3.858770055770874,
    3.0019816017150878
  ],
  "val_loss": [
    6.645166664123535,
    6.1110984992980955,
    6.000564680099488,
    6.123302268981933,
    6.4778838729858395,
    6.879337139129639
  ],
  "learning_rate": [
    1.5625e-05,
    1.9021739130434784e-05,
    1.766304347826087e-05,
    1.630434782608696e-05,
    1.4945652173913046e-05,
    1.3586956521739133e-05
  ]
}