{
  "train_loss": [
    10.229836905002594,
    6.252409369945526,
    5.448720053434372,
    4.671848648190498,
    3.8219349724054337,
    2.9483236740529537
  ],
  "val_loss": [
    6.477738351821899,
    5.944387063980103,
    5.857178282737732,
    5.978021130561829,
    6.848343615531921,
    6.970896766185761
  ],
  "learning_rate": [
    1.992753623188406e-05,
    1.811594202898551e-05,
    1.630434782608696e-05,
    1.4492753623188407e-05,
    1.2681159420289857e-05,
    1.0869565217391305e-05
  ]
}