{
  "train_loss": [
    10.248740422725678,
    6.082694706916809,
    5.3962967258691785,
    4.595234062671661,
    3.7074872314929963,
    2.9900830829143525
  ],
  "val_loss": [
    6.72109504699707,
    6.325524697303772,
    6.091031913757324,
    6.32040641784668,
    6.6185593414306645,
    6.944168000221253
  ],
  "learning_rate": [
    1.992753623188406e-05,
    1.811594202898551e-05,
    1.630434782608696e-05,
    1.4492753623188407e-05,
    1.2681159420289857e-05,
    1.0869565217391305e-05
  ]
}