{
  "train_loss": [
    10.153198677301408,
    6.226889017820358,
    5.501799901723862,
    4.758186140656472,
    4.088948330879211,
    3.3645054203271867
  ],
  "val_loss": [
    7.310878481864929,
    6.780078191757202,
    6.634074773788452,
    6.9636791229248045,
    7.0005085039138795,
    7.7056659317016605
  ],
  "learning_rate": [
    1.992753623188406e-05,
    1.811594202898551e-05,
    1.630434782608696e-05,
    1.4492753623188407e-05,
    1.2681159420289857e-05,
    1.0869565217391305e-05
  ]
}