{
  "train_loss": [
    9.887221996784211,
    6.199768308401108,
    5.40930225610733,
    4.6991945588588715,
    3.8916960942745207,
    3.2835563042759897
  ],
  "val_loss": [
    6.521841583251953,
    6.405702738761902,
    5.937688689231873,
    6.183523540496826,
    6.335745782852173,
    6.620794715881348
  ],
  "learning_rate": [
    1.992753623188406e-05,
    1.811594202898551e-05,
    1.630434782608696e-05,
    1.4492753623188407e-05,
    1.2681159420289857e-05,
    1.0869565217391305e-05
  ]
}