{
  "train_loss": [
    10.310103745460511,
    6.26302964925766,
    5.458317855596542,
    4.752830313444138,
    4.003620371818543
  ],
  "val_loss": [
    6.519556760787964,
    6.151589016914368,
    6.332996640205383,
    6.333632664680481,
    6.636061792373657
  ],
  "learning_rate": [
    1.992753623188406e-05,
    1.811594202898551e-05,
    1.630434782608696e-05,
    1.4492753623188407e-05,
    1.2681159420289857e-05
  ]
}